/*
 Navicat Premium Data Transfer

 Source Server         : local-mysql
 Source Server Type    : MySQL
 Source Server Version : 100413
 Source Host           : localhost:3306
 Source Schema         : db_carwash

 Target Server Type    : MySQL
 Target Server Version : 100413
 File Encoding         : 65001

 Date: 27/03/2021 20:14:40
*/

SET NAMES utf8mb4;
SET FOREIGN_KEY_CHECKS = 0;

-- ----------------------------
-- Table structure for m_item_trans
-- ----------------------------
DROP TABLE IF EXISTS `m_item_trans`;
CREATE TABLE `m_item_trans`  (
  `id` int(11) NOT NULL AUTO_INCREMENT,
  `id_jenis_trans` int(4) NULL DEFAULT NULL,
  `nama` varchar(255) CHARACTER SET utf8mb4 COLLATE utf8mb4_general_ci NULL DEFAULT NULL,
  `keterangan` varchar(255) CHARACTER SET utf8mb4 COLLATE utf8mb4_general_ci NULL DEFAULT NULL,
  `harga_awal` float(20, 2) NULL DEFAULT NULL,
  `harga` float(20, 2) NULL DEFAULT NULL COMMENT 'HARGA TERKINI (WAJIB UPDATE SETELAH ISI LOG HARGA)',
  `created_at` datetime(0) NULL DEFAULT NULL,
  `updated_at` datetime(0) NULL DEFAULT NULL,
  `deleted_at` datetime(0) NULL DEFAULT NULL,
  PRIMARY KEY (`id`) USING BTREE,
  INDEX `id_jenis_trans`(`id_jenis_trans`) USING BTREE,
  CONSTRAINT `m_item_trans_ibfk_1` FOREIGN KEY (`id_jenis_trans`) REFERENCES `m_menu` (`id`) ON DELETE RESTRICT ON UPDATE RESTRICT
) ENGINE = InnoDB AUTO_INCREMENT = 5 CHARACTER SET = utf8mb4 COLLATE = utf8mb4_general_ci ROW_FORMAT = Dynamic;

-- ----------------------------
-- Records of m_item_trans
-- ----------------------------
INSERT INTO `m_item_trans` VALUES (1, 1, 'Cuci Mobil', 'Cuci Mobil', 25000.00, 25000.00, '2021-03-27 19:44:12', NULL, NULL);
INSERT INTO `m_item_trans` VALUES (2, 1, 'Cuci Motor', 'Cuci Motor', 10000.00, 10000.00, '2021-03-27 19:44:12', NULL, NULL);
INSERT INTO `m_item_trans` VALUES (3, 1, 'Poles Mobil', 'Poles Mobil', 10000.00, 10000.00, '2021-03-27 19:44:12', NULL, NULL);
INSERT INTO `m_item_trans` VALUES (4, 1, 'Poles Motor', 'Poles Motor', 5000.00, 5000.00, '2021-03-27 19:44:12', NULL, NULL);

-- ----------------------------
-- Table structure for m_jenis_trans
-- ----------------------------
DROP TABLE IF EXISTS `m_jenis_trans`;
CREATE TABLE `m_jenis_trans`  (
  `id` int(4) NOT NULL AUTO_INCREMENT,
  `nama_jenis` varchar(255) CHARACTER SET utf8mb4 COLLATE utf8mb4_general_ci NULL DEFAULT NULL,
  `kode_jenis` varchar(8) CHARACTER SET utf8mb4 COLLATE utf8mb4_general_ci NULL DEFAULT NULL,
  `keterangan` varchar(255) CHARACTER SET utf8mb4 COLLATE utf8mb4_general_ci NULL DEFAULT NULL,
  `created_at` timestamp(0) NULL DEFAULT NULL,
  `updated_at` timestamp(0) NULL DEFAULT NULL,
  `deleted_at` timestamp(0) NULL DEFAULT NULL,
  PRIMARY KEY (`id`) USING BTREE
) ENGINE = InnoDB AUTO_INCREMENT = 2 CHARACTER SET = utf8mb4 COLLATE = utf8mb4_general_ci ROW_FORMAT = Dynamic;

-- ----------------------------
-- Records of m_jenis_trans
-- ----------------------------
INSERT INTO `m_jenis_trans` VALUES (1, 'Penjualan', 'A-01', 'Penjualan', '2021-03-27 19:42:00', NULL, NULL);

-- ----------------------------
-- Table structure for m_member
-- ----------------------------
DROP TABLE IF EXISTS `m_member`;
CREATE TABLE `m_member`  (
  `id` int(11) NOT NULL AUTO_INCREMENT,
  `kode_member` varchar(255) CHARACTER SET utf8mb4 COLLATE utf8mb4_general_ci NULL DEFAULT NULL,
  `nama` varchar(255) CHARACTER SET utf8mb4 COLLATE utf8mb4_general_ci NULL DEFAULT NULL,
  `alamat` varchar(255) CHARACTER SET utf8mb4 COLLATE utf8mb4_general_ci NULL DEFAULT NULL,
  `email` varchar(255) CHARACTER SET utf8mb4 COLLATE utf8mb4_general_ci NULL DEFAULT NULL,
  `hp` varchar(255) CHARACTER SET utf8mb4 COLLATE utf8mb4_general_ci NULL DEFAULT NULL,
  `jenis_kelamin` char(1) CHARACTER SET utf8mb4 COLLATE utf8mb4_general_ci NULL DEFAULT NULL COMMENT 'P/W',
  `counter_diskon` varchar(255) CHARACTER SET utf8mb4 COLLATE utf8mb4_general_ci NULL DEFAULT NULL COMMENT '(COUNTER TERKINI) WAJIB DIUPDATE ketika isi log counter diskon',
  `img_foto` varchar(255) CHARACTER SET utf8mb4 COLLATE utf8mb4_general_ci NULL DEFAULT NULL COMMENT 'jika ada',
  `img_barcode` varchar(255) CHARACTER SET utf8mb4 COLLATE utf8mb4_general_ci NULL DEFAULT NULL COMMENT 'jika ada',
  `created_at` datetime(0) NULL DEFAULT NULL,
  `updated_at` datetime(0) NULL DEFAULT NULL,
  `deleted_at` datetime(0) NULL DEFAULT NULL,
  PRIMARY KEY (`id`) USING BTREE
) ENGINE = InnoDB AUTO_INCREMENT = 1 CHARACTER SET = utf8mb4 COLLATE = utf8mb4_general_ci ROW_FORMAT = Dynamic;

-- ----------------------------
-- Records of m_member
-- ----------------------------

-- ----------------------------
-- Table structure for m_menu
-- ----------------------------
DROP TABLE IF EXISTS `m_menu`;
CREATE TABLE `m_menu`  (
  `id` int(11) NOT NULL,
  `id_parent` int(11) NOT NULL,
  `nama` varchar(255) CHARACTER SET latin1 COLLATE latin1_swedish_ci NULL DEFAULT NULL,
  `judul` varchar(255) CHARACTER SET latin1 COLLATE latin1_swedish_ci NULL DEFAULT NULL,
  `link` varchar(255) CHARACTER SET latin1 COLLATE latin1_swedish_ci NULL DEFAULT NULL,
  `icon` varchar(255) CHARACTER SET latin1 COLLATE latin1_swedish_ci NULL DEFAULT NULL,
  `aktif` int(1) NULL DEFAULT NULL,
  `tingkat` int(11) NULL DEFAULT NULL,
  `urutan` int(11) NULL DEFAULT NULL,
  `add_button` int(1) NULL DEFAULT NULL,
  `edit_button` int(1) NULL DEFAULT NULL,
  `delete_button` int(1) NULL DEFAULT NULL,
  PRIMARY KEY (`id`) USING BTREE
) ENGINE = InnoDB CHARACTER SET = latin1 COLLATE = latin1_swedish_ci ROW_FORMAT = COMPACT;

-- ----------------------------
-- Records of m_menu
-- ----------------------------
INSERT INTO `m_menu` VALUES (1, 0, 'Dashboard', 'Dashboard', 'home', 'flaticon2-architecture-and-city', 1, 1, 1, 0, 0, 0);
INSERT INTO `m_menu` VALUES (2, 0, 'Setting (Administrator)', 'Setting', NULL, 'flaticon2-gear', 1, 1, 5, 0, 0, 0);
INSERT INTO `m_menu` VALUES (3, 2, 'Setting Menu', 'Setting Menu', 'set_menu', 'flaticon-grid-menu', 1, 2, 2, 1, 1, 1);
INSERT INTO `m_menu` VALUES (4, 2, 'Setting Role', 'Setting Role', 'set_role', 'flaticon-network', 1, 2, 1, 1, 1, 1);
INSERT INTO `m_menu` VALUES (6, 0, 'Master', 'Master', '', 'flaticon-folder-1', 1, 1, 2, 0, 0, 0);
INSERT INTO `m_menu` VALUES (7, 6, 'Data User', 'Data User', 'master_user', 'flaticon-users', 1, 2, 1, 1, 1, 1);
INSERT INTO `m_menu` VALUES (8, 0, 'Transaksi', 'Transaksi', '', 'flaticon2-shopping-cart', 1, 1, 3, 0, 0, 0);
INSERT INTO `m_menu` VALUES (9, 8, 'Penjualan', 'Penjualan', 'penjualan', 'flaticon2-shopping-cart-1', 1, 2, 1, 1, 1, 1);
INSERT INTO `m_menu` VALUES (10, 6, 'Jenis Transaksi', 'Jenis Transaksi', 'master_jenis_trans', 'flaticon-folder-1', 1, 2, 1, 1, 1, 1);
INSERT INTO `m_menu` VALUES (11, 6, 'Item Transaksi', 'Item Transaksi', 'master_item_trans', 'flaticon-folder-1', 1, 2, 3, 1, 1, 1);
INSERT INTO `m_menu` VALUES (12, 6, 'Profil', 'Master Profil', 'master_profil', 'flaticon-profile', 1, 2, 5, 1, 1, 1);

-- ----------------------------
-- Table structure for m_profil
-- ----------------------------
DROP TABLE IF EXISTS `m_profil`;
CREATE TABLE `m_profil`  (
  `id` int(11) NOT NULL,
  `nama` varchar(255) CHARACTER SET utf8mb4 COLLATE utf8mb4_general_ci NULL DEFAULT NULL,
  `alamat` varchar(255) CHARACTER SET utf8mb4 COLLATE utf8mb4_general_ci NULL DEFAULT NULL,
  `kelurahan` varchar(255) CHARACTER SET utf8mb4 COLLATE utf8mb4_general_ci NULL DEFAULT NULL,
  `kecamatan` varchar(255) CHARACTER SET utf8mb4 COLLATE utf8mb4_general_ci NULL DEFAULT NULL,
  `kota` varchar(255) CHARACTER SET utf8mb4 COLLATE utf8mb4_general_ci NULL DEFAULT NULL,
  `kode_pos` varchar(255) CHARACTER SET utf8mb4 COLLATE utf8mb4_general_ci NULL DEFAULT NULL,
  `provinsi` varchar(255) CHARACTER SET utf8mb4 COLLATE utf8mb4_general_ci NULL DEFAULT NULL,
  `telp` varchar(255) CHARACTER SET utf8mb4 COLLATE utf8mb4_general_ci NULL DEFAULT NULL,
  `email` varchar(255) CHARACTER SET utf8mb4 COLLATE utf8mb4_general_ci NULL DEFAULT NULL,
  `deskripsi` varchar(255) CHARACTER SET utf8mb4 COLLATE utf8mb4_general_ci NULL DEFAULT NULL,
  `nama_dokter` varchar(255) CHARACTER SET utf8mb4 COLLATE utf8mb4_general_ci NULL DEFAULT NULL,
  `gambar` varchar(255) CHARACTER SET utf8mb4 COLLATE utf8mb4_general_ci NULL DEFAULT NULL,
  `created_at` datetime(0) NULL DEFAULT NULL,
  `updated_at` datetime(0) NULL DEFAULT NULL,
  `deleted_at` datetime(0) NULL DEFAULT NULL,
  PRIMARY KEY (`id`) USING BTREE
) ENGINE = InnoDB CHARACTER SET = utf8mb4 COLLATE = utf8mb4_general_ci ROW_FORMAT = DYNAMIC;

-- ----------------------------
-- Records of m_profil
-- ----------------------------
INSERT INTO `m_profil` VALUES (1, 'Wijaya Premium Car Wash', 'Jl. Raya Tubanan No. 34 RT 04 RW 09', 'Karangpoh', 'Tandes', 'Surabaya', '60188', 'Jawa timur', '081321425352', 'nurcahyono320@gmail.com', 'Cuci Mobil dengan standar Premium', NULL, 'jual-ban-motorpng.png', '2021-03-27 19:47:40', NULL, NULL);

-- ----------------------------
-- Table structure for m_profile_usaha
-- ----------------------------
DROP TABLE IF EXISTS `m_profile_usaha`;
CREATE TABLE `m_profile_usaha`  (
  `id` int(11) NOT NULL AUTO_INCREMENT,
  `nama` varchar(255) CHARACTER SET utf8mb4 COLLATE utf8mb4_general_ci NULL DEFAULT NULL,
  `alamat` varchar(255) CHARACTER SET utf8mb4 COLLATE utf8mb4_general_ci NULL DEFAULT NULL,
  `telp` varchar(255) CHARACTER SET utf8mb4 COLLATE utf8mb4_general_ci NULL DEFAULT NULL,
  `hp` varchar(255) CHARACTER SET utf8mb4 COLLATE utf8mb4_general_ci NULL DEFAULT NULL,
  `deskripsi` text CHARACTER SET utf8mb4 COLLATE utf8mb4_general_ci NULL COMMENT 'bila ada catatan tambahan mengenai profil perusahaan',
  `logo_small` varchar(255) CHARACTER SET utf8mb4 COLLATE utf8mb4_general_ci NULL DEFAULT NULL COMMENT 'untuk logo icon di tab browser',
  `logo` varchar(255) CHARACTER SET utf8mb4 COLLATE utf8mb4_general_ci NULL DEFAULT NULL COMMENT 'untuk logo utama',
  `created_at` datetime(0) NULL DEFAULT NULL,
  `updated_at` datetime(0) NULL DEFAULT NULL,
  `deleted_at` datetime(0) NULL DEFAULT NULL,
  PRIMARY KEY (`id`) USING BTREE
) ENGINE = InnoDB AUTO_INCREMENT = 1 CHARACTER SET = utf8mb4 COLLATE = utf8mb4_general_ci ROW_FORMAT = Dynamic;

-- ----------------------------
-- Records of m_profile_usaha
-- ----------------------------

-- ----------------------------
-- Table structure for m_role
-- ----------------------------
DROP TABLE IF EXISTS `m_role`;
CREATE TABLE `m_role`  (
  `id` int(11) NOT NULL AUTO_INCREMENT,
  `nama` varchar(20) CHARACTER SET latin1 COLLATE latin1_swedish_ci NOT NULL,
  `keterangan` varchar(255) CHARACTER SET latin1 COLLATE latin1_swedish_ci NULL DEFAULT '',
  `aktif` int(1) NULL DEFAULT 1,
  PRIMARY KEY (`id`) USING BTREE
) ENGINE = InnoDB AUTO_INCREMENT = 6 CHARACTER SET = latin1 COLLATE = latin1_swedish_ci ROW_FORMAT = COMPACT;

-- ----------------------------
-- Records of m_role
-- ----------------------------
INSERT INTO `m_role` VALUES (1, 'Superadmin', 'Level Super Admin', 1);
INSERT INTO `m_role` VALUES (2, 'Owner', 'Owner', 1);
INSERT INTO `m_role` VALUES (3, 'admin', 'admin', 1);

-- ----------------------------
-- Table structure for m_user
-- ----------------------------
DROP TABLE IF EXISTS `m_user`;
CREATE TABLE `m_user`  (
  `id` int(64) NOT NULL AUTO_INCREMENT,
  `id_role` int(64) NULL DEFAULT NULL,
  `username` varchar(255) CHARACTER SET utf8mb4 COLLATE utf8mb4_general_ci NULL DEFAULT NULL,
  `password` varchar(255) CHARACTER SET utf8mb4 COLLATE utf8mb4_general_ci NULL DEFAULT NULL,
  `status` int(1) NULL DEFAULT NULL,
  `last_login` datetime(0) NULL DEFAULT NULL,
  `kode_user` varchar(10) CHARACTER SET utf8mb4 COLLATE utf8mb4_general_ci NULL DEFAULT NULL,
  `foto` varchar(255) CHARACTER SET utf8mb4 COLLATE utf8mb4_general_ci NULL DEFAULT NULL,
  `created_at` datetime(0) NULL DEFAULT NULL,
  `updated_at` datetime(0) NULL DEFAULT NULL,
  `deleted_at` datetime(0) NULL DEFAULT NULL,
  PRIMARY KEY (`id`) USING BTREE
) ENGINE = InnoDB AUTO_INCREMENT = 3 CHARACTER SET = utf8mb4 COLLATE = utf8mb4_general_ci ROW_FORMAT = DYNAMIC;

-- ----------------------------
-- Records of m_user
-- ----------------------------
INSERT INTO `m_user` VALUES (1, 1, 'superadmin', 'SnIvSVV6c2UwdWhKS1ZKMDluUlp4dz09', 1, '2021-03-27 16:43:31', 'USR-00001', NULL, NULL, NULL, NULL);
INSERT INTO `m_user` VALUES (2, 3, 'admin', 'Tzg1eTllUlU2a2xNQk5yYktIM1pwUT09', NULL, NULL, 'USR-00002', 'coba-1602775328.jpg', '2020-10-15 22:22:08', '2020-10-15 22:43:54', '2020-10-15 22:58:50');

-- ----------------------------
-- Table structure for t_log_aktivitas
-- ----------------------------
DROP TABLE IF EXISTS `t_log_aktivitas`;
CREATE TABLE `t_log_aktivitas`  (
  `id` varchar(255) CHARACTER SET utf8mb4 COLLATE utf8mb4_general_ci NOT NULL COMMENT 'uuid',
  `id_m_menu` int(11) NULL DEFAULT NULL,
  `id_m_user` int(64) NULL DEFAULT NULL,
  `aksi` varchar(255) CHARACTER SET utf8mb4 COLLATE utf8mb4_general_ci NULL DEFAULT NULL COMMENT 'CREATE, UPDATE, DELETE, AKSI LAIN USER TSB',
  `old_data` text CHARACTER SET utf8mb4 COLLATE utf8mb4_general_ci NULL COMMENT 'json data lama',
  `new_data` text CHARACTER SET utf8mb4 COLLATE utf8mb4_general_ci NULL COMMENT 'json data baru',
  `created_at` datetime(0) NULL DEFAULT NULL,
  `updated_at` datetime(0) NULL DEFAULT NULL,
  `deleted_at` datetime(0) NULL DEFAULT NULL,
  PRIMARY KEY (`id`) USING BTREE
) ENGINE = InnoDB CHARACTER SET = utf8mb4 COLLATE = utf8mb4_general_ci ROW_FORMAT = Dynamic;

-- ----------------------------
-- Records of t_log_aktivitas
-- ----------------------------

-- ----------------------------
-- Table structure for t_log_counter_member
-- ----------------------------
DROP TABLE IF EXISTS `t_log_counter_member`;
CREATE TABLE `t_log_counter_member`  (
  `id` int(32) NOT NULL AUTO_INCREMENT COMMENT 'wajib melakukan pengecekan count dengan kondisi deleted_at is null sebelum insert ke tabel ini, jika counter sudah 10 maka kolom deleted_at wajib di isi timestamp now',
  `id_member` int(14) NULL DEFAULT NULL,
  `created_at` datetime(0) NULL DEFAULT NULL,
  `updated_at` datetime(0) NULL DEFAULT NULL,
  `deleted_at` datetime(0) NULL DEFAULT NULL,
  PRIMARY KEY (`id`) USING BTREE,
  INDEX `id_member`(`id_member`) USING BTREE,
  CONSTRAINT `t_log_counter_member_ibfk_1` FOREIGN KEY (`id_member`) REFERENCES `m_member` (`id`) ON DELETE RESTRICT ON UPDATE RESTRICT
) ENGINE = InnoDB AUTO_INCREMENT = 1 CHARACTER SET = utf8mb4 COLLATE = utf8mb4_general_ci ROW_FORMAT = Dynamic;

-- ----------------------------
-- Records of t_log_counter_member
-- ----------------------------

-- ----------------------------
-- Table structure for t_log_harga
-- ----------------------------
DROP TABLE IF EXISTS `t_log_harga`;
CREATE TABLE `t_log_harga`  (
  `id` int(14) NOT NULL AUTO_INCREMENT,
  `id_jenis_trans` int(14) NULL DEFAULT NULL,
  `id_item_trans` int(14) NULL DEFAULT NULL,
  `harga` float(20, 2) NULL DEFAULT NULL,
  `created_at` datetime(0) NULL DEFAULT NULL,
  `updated_at` datetime(0) NULL DEFAULT NULL,
  `deleted_at` datetime(0) NULL DEFAULT NULL,
  PRIMARY KEY (`id`) USING BTREE,
  INDEX `id_jenis_trans`(`id_jenis_trans`) USING BTREE,
  INDEX `id_item_trans`(`id_item_trans`) USING BTREE,
  CONSTRAINT `t_log_harga_ibfk_1` FOREIGN KEY (`id_jenis_trans`) REFERENCES `m_jenis_trans` (`id`) ON DELETE RESTRICT ON UPDATE RESTRICT,
  CONSTRAINT `t_log_harga_ibfk_2` FOREIGN KEY (`id_item_trans`) REFERENCES `m_item_trans` (`id`) ON DELETE RESTRICT ON UPDATE RESTRICT
) ENGINE = InnoDB AUTO_INCREMENT = 5 CHARACTER SET = utf8mb4 COLLATE = utf8mb4_general_ci ROW_FORMAT = Dynamic;

-- ----------------------------
-- Records of t_log_harga
-- ----------------------------
INSERT INTO `t_log_harga` VALUES (1, 1, 1, 25000.00, '2021-03-27 19:48:56', NULL, NULL);
INSERT INTO `t_log_harga` VALUES (2, 1, 2, 10000.00, '2021-03-27 19:48:56', NULL, NULL);
INSERT INTO `t_log_harga` VALUES (3, 1, 3, 10000.00, '2021-03-27 19:48:56', NULL, NULL);
INSERT INTO `t_log_harga` VALUES (4, 1, 4, 5000.00, '2021-03-27 19:48:56', NULL, NULL);

-- ----------------------------
-- Table structure for t_role_menu
-- ----------------------------
DROP TABLE IF EXISTS `t_role_menu`;
CREATE TABLE `t_role_menu`  (
  `id_menu` int(11) NOT NULL,
  `id_role` int(11) NOT NULL,
  `add_button` int(1) NULL DEFAULT 0,
  `edit_button` int(1) NULL DEFAULT 0,
  `delete_button` int(1) NULL DEFAULT 0,
  INDEX `f_level_user`(`id_role`) USING BTREE,
  INDEX `id_menu`(`id_menu`) USING BTREE,
  CONSTRAINT `t_role_menu_ibfk_1` FOREIGN KEY (`id_role`) REFERENCES `m_role` (`id`) ON DELETE RESTRICT ON UPDATE RESTRICT,
  CONSTRAINT `t_role_menu_ibfk_2` FOREIGN KEY (`id_menu`) REFERENCES `m_menu` (`id`) ON DELETE RESTRICT ON UPDATE RESTRICT
) ENGINE = InnoDB CHARACTER SET = latin1 COLLATE = latin1_swedish_ci ROW_FORMAT = COMPACT;

-- ----------------------------
-- Records of t_role_menu
-- ----------------------------
INSERT INTO `t_role_menu` VALUES (1, 1, 0, 0, 0);
INSERT INTO `t_role_menu` VALUES (6, 1, 0, 0, 0);
INSERT INTO `t_role_menu` VALUES (7, 1, 1, 1, 1);
INSERT INTO `t_role_menu` VALUES (10, 1, 1, 1, 1);
INSERT INTO `t_role_menu` VALUES (11, 1, 1, 1, 1);
INSERT INTO `t_role_menu` VALUES (12, 1, 1, 1, 1);
INSERT INTO `t_role_menu` VALUES (8, 1, 0, 0, 0);
INSERT INTO `t_role_menu` VALUES (9, 1, 1, 1, 1);
INSERT INTO `t_role_menu` VALUES (2, 1, 0, 0, 0);
INSERT INTO `t_role_menu` VALUES (4, 1, 1, 1, 1);
INSERT INTO `t_role_menu` VALUES (3, 1, 1, 1, 1);

-- ----------------------------
-- Table structure for t_transaksi
-- ----------------------------
DROP TABLE IF EXISTS `t_transaksi`;
CREATE TABLE `t_transaksi`  (
  `id` varchar(255) CHARACTER SET utf8mb4 COLLATE utf8mb4_general_ci NOT NULL COMMENT 'uuid',
  `kode` varchar(255) CHARACTER SET utf8mb4 COLLATE utf8mb4_general_ci NULL DEFAULT NULL,
  `id_jenis_trans` int(4) NULL DEFAULT NULL,
  `id_member` int(14) NULL DEFAULT NULL,
  `harga_total` float(20, 2) NULL DEFAULT NULL,
  `id_user` varchar(255) CHARACTER SET utf8mb4 COLLATE utf8mb4_general_ci NULL DEFAULT NULL,
  `created_at` datetime(0) NULL DEFAULT NULL,
  `updated_at` datetime(0) NULL DEFAULT NULL,
  `deleted_at` datetime(0) NULL DEFAULT NULL,
  PRIMARY KEY (`id`) USING BTREE,
  INDEX `id_jenis_trans`(`id_jenis_trans`) USING BTREE,
  INDEX `id_member`(`id_member`) USING BTREE,
  CONSTRAINT `t_transaksi_ibfk_1` FOREIGN KEY (`id_jenis_trans`) REFERENCES `m_jenis_trans` (`id`) ON DELETE RESTRICT ON UPDATE RESTRICT,
  CONSTRAINT `t_transaksi_ibfk_2` FOREIGN KEY (`id_member`) REFERENCES `m_member` (`id`) ON DELETE RESTRICT ON UPDATE RESTRICT
) ENGINE = InnoDB CHARACTER SET = utf8mb4 COLLATE = utf8mb4_general_ci ROW_FORMAT = Dynamic;

-- ----------------------------
-- Records of t_transaksi
-- ----------------------------

-- ----------------------------
-- Table structure for t_transaksi_det
-- ----------------------------
DROP TABLE IF EXISTS `t_transaksi_det`;
CREATE TABLE `t_transaksi_det`  (
  `id` varchar(255) CHARACTER SET utf8mb4 COLLATE utf8mb4_general_ci NOT NULL COMMENT 'uuid',
  `id_transaksi` varchar(255) CHARACTER SET utf8mb4 COLLATE utf8mb4_general_ci NULL DEFAULT NULL COMMENT 'uuid',
  `id_item_trans` int(11) NULL DEFAULT NULL,
  `harga_satuan` float(20, 2) NULL DEFAULT NULL,
  `is_disc_jual` int(1) NULL DEFAULT NULL COMMENT 'flag kalo ada potongan, misal boss e ulang tahun, maka dalam 1 row ketika ini diflag maka harga satuan dianggap diskon',
  `ket_disc_jual` varchar(255) CHARACTER SET utf8mb4 COLLATE utf8mb4_general_ci NULL DEFAULT NULL COMMENT 'misal : event ulang tahun boss e',
  `created_at` datetime(0) NULL DEFAULT NULL,
  `updated_at` datetime(0) NULL DEFAULT NULL,
  `deleted_at` datetime(0) NULL DEFAULT NULL,
  PRIMARY KEY (`id`) USING BTREE,
  INDEX `id_transaksi`(`id_transaksi`) USING BTREE,
  INDEX `id_item_trans`(`id_item_trans`) USING BTREE,
  CONSTRAINT `t_transaksi_det_ibfk_1` FOREIGN KEY (`id_transaksi`) REFERENCES `t_transaksi` (`id`) ON DELETE RESTRICT ON UPDATE RESTRICT,
  CONSTRAINT `t_transaksi_det_ibfk_2` FOREIGN KEY (`id_item_trans`) REFERENCES `m_item_trans` (`id`) ON DELETE RESTRICT ON UPDATE RESTRICT
) ENGINE = InnoDB CHARACTER SET = utf8mb4 COLLATE = utf8mb4_general_ci ROW_FORMAT = Dynamic;

-- ----------------------------
-- Records of t_transaksi_det
-- ----------------------------

SET FOREIGN_KEY_CHECKS = 1;
